id, header0, header1, header2, header3, header4, header5, header6, header7, header8, header9, header10, header11, header12, header13, header14, header15, header16, header17, header18, header19, header20, header21, header22, header23, header24, header25, header26, header27, header28, header29, header30, header31, header32, header33, header34, header35, header36, header37, header38, header39, header40, header41, header42, header43, header44, header45, header46, header47, header48, header49, header50, header51, header52, header53, header54, header55, header56, header57, header58, header59, header60, header61, header62, header63, header64, header65, header66, header67, header68, header69, header70, header71, header72, header73, header74, header75, header76, header77, header78, header79, header80, header81, header82, header83, header84, header85, header86, header87, header88, header89, header90, header91, header92, header93, header94, header95, header96, header97, header98, header99
0.000000,54.061647,5.517921,26.850746,37.800027,89.148122,92.202710,53.069332,14.205969,55.059358,99.386903,40.519927,42.871520,70.805850,27.829072,74.428584,8.548732,35.361392,72.817981,1.487411,54.674874,11.283506,65.031129,63.358804,52.068370,88.732661,75.900736,60.561039,91.870453,5.828089,70.271241,54.163860,13.172106,56.126116,77.938903,73.598123,29.062138,30.471423,24.983758,58.389774,17.730417,26.799255,52.635850,46.692715,22.579088,11.465926,17.317008,37.754560,29.268994,55.872704,38.884831,1.124997,12.032231,14.384045,4.735518,29.064481,65.715985,87.009967,23.176421,68.944099,94.156647,8.410388,13.901708,44.188133,49.485268,69.303900,9.965649,76.155320,57.662891,11.202554,23.435790,33.248275,48.532785,89.457956,25.385652,91.557083,25.930797,86.491720,20.113074,64.326706,76.223867,25.106108,36.336031,15.859695,39.795088,57.029167,92.616863,76.344566,23.459305,95.608142,16.558349,72.235180,19.139573,73.140483,17.056871,77.580057,69.964905,55.353766,32.572453,80.110050,34.638618
1.000000,24.013810,98.779483,61.602994,9.461085,22.796708,35.921400,70.282045,52.543963,34.204946,54.507086,80.244657,21.972922,40.561660,68.506290,45.755414,38.562272,44.071289,65.868193,33.762234,87.427916,51.253050,75.485404,84.303540,73.117765,85.475303,72.229259,12.968808,1.739718,97.869576,2.829134,24.778351,55.960289,35.850719,66.331336,47.850422,78.491989,13.474370,48.504776,16.631082,10.943651,93.241927,64.169672,68.461475,99.395643,59.416930,69.835912,80.053984,64.622629,38.548951,25.302270,82.039664,33.875350,4.412108,91.096954,9.254700,59.319992,53.509061,27.366106,39.043702,76.077540,9.212114,81.635853,68.056431,38.683093,32.351880,46.141931,85.280763,11.284226,65.753294,16.334744,74.501141,92.087439,8.956076,8.276325,52.364684,33.150841,70.499391,39.231901,37.032103,33.461801,98.072118,12.023651,52.523074,8.846533,84.356278,9.410319,99.844394,17.581401,39.371076,8.105730,21.557493,95.309230,85.773811,96.252360,92.161866,99.595201,89.433597,71.158450,81.578056,31.849892
2.000000,95.436718,63.936595,95.635225,44.657308,11.476966,55.154119,49.844545,38.292995,20.522981,88.225916,32.599870,29.937579,23.099062,73.164417,35.644477,35.704977,66.475952,57.803167,49.797242,95.000232,77.872960,15.859105,93.564891,3.220431,9.518358,79.852148,28.185833,75.428280,38.908946,65.416971,57.493204,59.496451,62.861315,70.695808,15.898626,46.715989,65.497978,48.719133,6.743571,6.161664,56.857567,36.760685,7.857274,92.359537,51.408424,75.628853,49.761750,40.828339,76.380019,29.918162,91.747133,35.558435,83.337207,59.512125,40.524671,83.494627,59.729152,27.129044,37.849322,42.434908,63.066881,53.118603,26.823151,65.429119,16.258245,8.568565,77.667120,86.600639,51.537772,18.376092,3.531262,21.636766,54.781911,78.710750,38.946686,75.727937,16.736062,77.928137,62.619699,26.205151,59.325030,31.950226,32.784225,90.622505,82.013564,8.834993,21.524758,31.743254,53.419818,12.508649,44.847895,28.858494,49.199203,67.234247,91.960109,51.385132,21.503147,52.668510,23.827755,65.782237
3.000000,59.874044,31.259322,84.739754,53.951100,23.232814,22.768092,76.160265,65.353931,78.260255,85.408652,41.001645,22.381317,29.813107,54.493029,62.089129,76.319649,17.471959,91.212467,1.399783,95.395921,93.338061,80.884624,1.077875,20.509316,97.092458,53.251937,0.346774,75.556085,13.915500,68.086649,43.314613,66.991669,72.208318,75.863156,46.733727,98.211424,29.841742,18.045025,89.703312,15.440497,35.020485,26.175974,78.813822,62.135674,37.855851,64.868354,97.529736,12.217949,14.126847,58.831800,80.271264,28.586840,41.899937,84.196618,39.661269,99.989166,45.639097,71.011943,18.193740,25.206743,19.223325,65.669863,51.795746,18.849248,44.874233,39.606671,57.803986,39.385956,38.206785,97.384915,63.496088,75.480892,8.895703,24.584238,5.095872,21.189924,97.093878,17.836997,44.747363,75.955302,88.394034,66.252371,19.580938,34.991307,86.871519,43.278184,45.404050,3.890822,77.937715,59.122712,32.984791,80.570880,20.808070,22.785192,92.472271,15.776472,47.732580,98.059453,48.150369,85.460439
4.000000,16.376628,63.238253,94.009775,90.556239,55.168833,3.659594,41.451637,91.598731,13.468533,71.537555,25.357239,9.800244,81.093277,26.683531,22.911872,99.000755,66.984589,31.036418,92.463608,96.228978,23.838076,65.724382,29.041237,83.243683,0.545939,68.611525,50.184977,48.873174,5.865425,18.088452,74.612424,71.620623,36.149427,37.900242,57.642544,32.797639,59.937205,74.017346,27.469005,50.928367,2.776487,60.004133,68.534902,96.810838,91.575626,91.984640,7.286829,34.658528,52.710932,87.972644,7.436449,1.100411,24.074759,13.797974,69.427500,41.771190,13.383225,84.623684,44.353574,17.427120,93.111968,11.020738,29.049239,57.284174,21.858769,46.586251,87.604861,51.035231,12.012514,34.743728,89.421466,49.353923,67.800259,98.284359,83.206352,97.389452,38.062573,34.992285,79.498562,54.516465,74.024788,40.278014,65.573569,8.962171,65.703785,50.700183,70.544150,86.704232,79.688863,91.492944,67.658123,50.906755,34.518290,50.710413,29.019728,57.987547,73.457025,81.595043,19.222671,85.671218
5.000000,29.604026,50.540748,96.018412,83.643802,14.783135,95.145308,60.417084,98.915999,19.552365,93.521371,54.426651,81.297535,36.940528,38.081836,77.109460,24.683774,76.582406,0.298045,85.905599,11.953862,43.215283,49.292782,81.107555,67.174807,25.596811,68.687684,16.268680,89.303544,88.336280,51.578696,88.169966,31.761323,21.634112,80.938398,75.061785,6.653167,71.582085,16.292934,4.029822,86.680618,34.164766,58.671993,99.148164,31.536857,73.076689,69.420548,74.449022,39.342906,13.451071,16.771321,79.503362,69.390760,22.880273,59.105410,99.439931,65.629360,53.101193,91.357617,46.282606,59.255941,47.812059,3.553449,86.828808,84.052429,95.416455,63.595064,2.973894,14.750165,15.543939,58.195444,19.628637,60.170906,70.321325,77.730095,29.479079,72.899333,59.287392,29.669706,80.473636,33.572294,41.057430,87.903692,68.163443,28.390716,95.815099,17.603853,79.270623,37.517086,24.085981,73.872228,64.627119,77.708114,26.607649,40.666944,30.999340,86.893715,99.517624,88.101973,92.101748,22.606347
6.000000,9.155781,45.627973,39.244145,33.339759,79.356855,8.925930,22.800223,21.243750,90.389233,41.171312,60.461079,54.192790,82.058564,5.147612,6.077835,27.095571,4.732925,65.053182,34.113889,8.160567,42.990032,57.031039,27.523114,76.288006,54.304097,87.579775,83.371930,5.986915,72.429143,59.904251,44.006405,10.919789,65.682209,2.182269,74.436865,32.779302,83.654503,94.667214,26.663018,45.334620,62.936892,14.486154,89.714215,19.210153,65.839423,67.157404,42.746909,13.574924,9.833577,62.007986,74.842608,82.522154,37.705164,54.804291,54.111083,15.936076,92.254271,7.193777,14.062053,35.128178,26.745703,44.613164,83.115838,0.851078,55.070233,63.011587,54.363859,68.165781,36.928739,15.648342,86.927059,24.282627,24.669049,19.936207,66.940931,19.489502,82.894249,98.954811,21.535531,81.519910,51.908873,55.359681,76.185926,27.268538,1.031735,79.407829,66.959934,60.369567,57.823030,45.279228,60.769471,69.769699,6.220244,97.795657,33.248574,69.895085,10.679288,42.389392,84.278321,81.309131
7.000000,45.147348,26.312951,91.335929,66.819248,64.171121,69.828566,27.654666,27.336367,74.896588,51.547337,84.284637,3.720044,26.362418,49.007785,72.869822,75.049181,26.003963,60.817338,83.549215,23.191135,83.837125,62.828623,64.541010,56.706945,21.811016,48.156745,34.237465,66.396942,90.760393,14.192619,37.658570,7.128034,73.194623,27.140592,96.769510,48.844935,6.983703,17.987312,68.147162,63.806659,82.004073,30.066018,24.743114,34.604488,51.079760,38.422320,17.206710,93.221639,39.439558,53.412072,82.833058,94.757389,21.105367,5.364832,14.138212,83.646044,94.654774,91.984612,4.960451,54.802249,81.876508,52.585918,2.158989,67.790360,1.459484,30.667186,85.964529,64.235860,52.896077,1.477493,76.427608,5.275596,70.702622,43.483272,77.714596,84.907289,25.586806,19.562402,32.779905,75.542477,47.294679,77.180985,13.324613,59.360494,76.313830,41.444483,86.614940,43.874091,94.228002,15.323924,70.802762,58.586392,2.388874,92.960376,87.215887,84.944664,15.082425,37.678095,81.580310,95.116169
8.000000,17.179954,98.129276,42.811692,84.627509,77.052852,6.971673,28.930384,23.869883,8.063884,47.086302,54.667811,73.052114,49.154812,37.245699,57.946366,61.534393,89.694981,49.752728,69.033257,93.391412,93.235171,77.994917,5.839986,1.381878,38.420307,19.942633,73.098105,82.348741,92.374236,59.556143,20.657323,99.402839,27.063396,18.727856,19.456774,98.451557,13.434638,14.597497,11.113823,13.002213,19.281341,5.711237,17.761306,33.750775,49.225511,96.496793,55.066444,38.794412,50.722098,24.221356,43.156444,66.988323,36.368246,9.693094,16.630159,33.207193,35.462522,89.646875,40.228668,92.431016,7.620021,25.957933,21.500726,83.408386,0.820393,94.257095,44.530914,25.385548,22.321619,12.931955,17.493528,5.085962,29.938108,34.138977,42.017472,19.915200,11.806597,68.607717,40.202086,91.050098,90.601151,60.476477,30.320543,30.352486,67.216234,50.531357,75.647410,18.090856,30.102417,48.137039,77.506803,59.994026,8.039624,90.515130,33.318701,1.158454,46.419738,10.922598,69.854960,70.172807
9.000000,90.339209,81.281224,83.803836,79.850786,13.156205,58.710760,73.417618,9.459323,87.338004,12.231133,34.423432,77.404077,86.309938,46.749961,2.684163,67.542460,96.714310,96.073641,9.373940,43.044232,43.687113,86.131294,5.178905,17.767488,14.922451,35.586185,79.198234,14.264989,55.888388,55.836331,67.312960,56.464571,97.634544,2.242604,68.191907,38.334826,48.737901,67.772534,21.464995,16.938066,97.657450,67.828746,77.772943,10.386544,61.121581,54.383151,65.113886,89.899542,80.046094,91.414382,4.094744,57.491711,74.254220,84.783611,76.655005,48.113678,28.433122,5.732932,78.993494,66.131334,9.326390,35.441760,38.143346,28.216671,38.166811,68.643509,72.754796,79.788967,98.898920,22.568030,17.506397,13.945154,92.246265,64.543566,18.715539,39.716963,45.654752,39.682819,37.442302,76.310211,9.926850,94.095560,18.866654,31.311876,30.471334,74.598982,88.731995,49.052110,35.773026,5.937783,0.993524,43.060197,58.695521,37.458236,7.544643,35.098985,91.947198,14.914737,95.775991,0.892383
10.000000,23.196430,80.844474,10.880984,44.568100,14.313470,84.426404,86.901763,87.707014,81.595479,23.084404,52.672959,59.373116,77.889697,35.686420,4.348722,22.438575,84.183751,56.204096,0.398722,95.030468,62.820237,49.737189,75.504710,14.801495,99.442117,93.554121,10.281846,98.366871,19.014610,37.074855,96.205507,79.702970,81.796619,56.437590,82.532690,94.594714,82.453614,57.512143,92.270565,49.388300,70.184965,30.319443,23.386646,42.281800,97.866477,5.870451,84.657826,59.874683,77.880032,76.145815,98.155188,86.974693,62.822686,12.564617,60.887222,50.317100,67.062959,35.636647,95.816711,28.401237,98.593275,21.348487,13.944796,61.326718,23.896036,29.694415,98.056265,84.938967,54.060171,26.567907,51.387729,25.324649,45.595924,1.671610,56.117549,89.652670,96.950432,78.880122,55.036070,82.217892,43.209077,2.138306,87.636230,1.958594,70.505995,12.258095,52.512935,6.911163,77.988985,64.098200,12.699831,13.067713,19.552796,62.400328,75.802187,97.263988,76.976891,9.531133,66.738532,91.741029
11.000000,44.532991,52.490813,54.980828,32.696006,96.354507,38.697978,1.095828,77.508874,11.175676,3.584516,31.416098,17.664081,42.858712,80.091101,78.158029,38.816120,84.327103,68.591101,54.428556,63.981711,27.666197,26.204777,51.116362,89.333823,98.241916,21.689435,73.140416,36.926440,56.547396,95.823718,51.224799,56.627731,46.889556,80.416841,98.090200,78.092977,28.930839,98.477734,3.061737,85.935344,59.149134,65.476567,20.982518,1.922929,54.812114,50.582634,44.037279,17.165074,60.171310,63.055826,75.908388,17.529051,31.410047,96.897298,14.279847,57.992189,4.539079,10.443230,6.367022,59.019488,35.779959,13.677176,77.411601,45.099391,51.928607,68.355609,56.983250,41.003476,98.777262,13.442322,6.165429,87.328602,86.594855,35.759548,71.216894,77.009082,87.837012,18.665566,4.409089,85.349855,40.765648,46.452756,78.960476,90.702124,2.673832,75.544660,94.676187,87.547371,40.016044,66.382245,8.627669,34.809779,99.300539,49.879109,37.068491,1.039067,92.358159,81.565901,62.247791,37.585966
12.000000,96.774372,0.820096,93.539296,69.079180,40.751090,30.733906,21.993783,40.336506,24.094249,2.120296,51.750824,87.899017,50.818394,10.515635,13.967826,12.844199,64.825995,71.846402,85.623150,6.291494,34.851089,52.559865,79.071583,34.065869,89.771323,25.374962,30.223807,5.671112,29.127739,75.384684,57.242277,36.769297,53.403759,2.012851,76.479480,51.975050,15.441766,66.859894,9.526371,94.749780,82.058068,81.915917,68.732720,72.821839,57.803010,82.729909,76.778998,11.477289,48.153751,81.758491,40.596708,39.338091,93.212297,41.513579,40.532405,24.731444,24.828567,84.485407,17.634312,63.155914,11.370551,43.158849,58.491917,97.554399,96.686255,82.154421,31.464603,84.773800,87.638244,40.459137,46.078579,26.688453,58.237608,15.833674,2.828843,13.935602,67.868446,83.096958,89.705831,24.603629,17.268579,87.984068,48.142763,86.924225,4.608118,87.041911,23.421023,46.991408,79.838708,24.031324,24.384151,82.417690,47.583928,68.883660,34.368209,47.942216,19.664384,2.571897,74.100949,42.640864
13.000000,10.460848,48.951171,2.598290,15.444531,53.782286,14.138956,26.148264,33.954269,82.646614,82.394310,40.536830,63.801851,68.868023,74.391601,53.755166,25.931451,79.371558,34.941543,46.544421,69.780818,15.316918,37.303135,13.939958,84.262419,15.308042,87.365634,70.244019,67.633856,63.165306,26.153504,63.856900,66.227328,96.082227,97.987277,47.362125,86.619971,51.633765,76.205511,53.316721,24.051444,70.929377,12.051766,67.565283,69.198735,0.417633,21.761331,18.048818,84.989033,82.624426,80.436248,49.394706,20.694443,64.479584,2.614009,15.889380,69.579366,55.461753,52.383060,11.945644,10.071922,14.397082,74.482752,87.032060,65.104140,66.301462,42.916421,59.991214,45.371531,38.003991,8.843113,50.423019,23.587474,73.704913,85.520096,31.076598,54.478835,48.278079,82.765194,36.360685,59.736914,7.823443,21.786507,57.709312,19.056360,83.214221,39.618007,44.986697,95.174989,27.795274,48.290065,90.339003,58.410059,39.603661,10.546235,45.706951,33.836577,51.538356,12.682816,63.854280,19.323489
14.000000,52.408611,47.904891,39.456804,83.223819,35.082181,73.629739,38.968782,88.251251,72.039390,82.448042,15.678628,44.787395,39.137503,38.294233,65.972267,10.893284,73.649883,59.789653,51.429063,3.233718,71.577553,36.146398,66.123378,7.625578,46.420599,34.788956,51.461027,95.349135,87.082929,54.282131,16.584576,66.107539,82.394351,14.289199,46.091294,46.918833,44.109119,9.721355,14.904095,98.234046,58.558339,72.677462,73.990040,37.502006,10.094246,79.827870,95.946706,47.760956,60.664148,43.750160,92.988353,44.001977,43.119854,61.929926,52.259196,88.627784,24.559298,42.054599,56.351914,58.528626,72.718326,19.440264,70.787823,10.746743,47.862787,23.316898,63.430203,54.052496,0.511564,60.984339,35.523968,7.945466,99.874768,92.990315,55.119193,93.219188,64.962634,77.237543,31.726301,51.677600,13.054930,6.967314,24.067325,88.521172,15.889011,48.668585,79.185339,21.637669,87.693361,35.236530,84.939835,82.469932,64.280148,16.173640,88.319188,0.371389,0.666923,87.615654,4.084653,27.391230
15.000000,94.843761,88.883544,90.746074,87.927669,85.661741,6.803180,72.840449,67.550133,15.216501,69.095114,24.588452,49.514146,63.210699,79.963884,84.064997,30.725987,28.857096,36.231002,13.277359,80.878224,98.690210,74.010780,1.998035,18.701159,86.201068,15.576951,81.024140,29.684498,9.086686,41.864620,82.769870,51.538369,14.728391,25.729961,10.627565,27.477863,49.419423,60.144183,81.003581,50.331306,22.419152,3.995219,74.235205,15.696247,85.337323,94.780301,98.257838,64.853738,24.109285,26.389945,53.312766,64.047562,41.180245,68.209105,24.679956,83.304168,0.868646,85.593951,45.528896,25.544314,93.333812,10.814554,98.552577,9.275381,71.972376,20.758454,1.078995,86.791908,66.881384,22.971548,14.109966,52.176004,38.238665,26.660278,10.185902,68.462224,3.576902,8.496816,66.832001,74.969044,92.188150,36.971359,96.543789,24.891053,84.487172,50.486201,46.087119,8.032012,99.120138,81.456954,51.288895,90.775305,58.579346,17.388581,29.307930,83.544731,74.082590,30.951798,25.939155,69.747687
16.000000,55.506210,24.075497,50.392172,92.172288,27.869513,17.287534,57.260321,75.558683,0.761202,52.563180,99.133686,12.663906,19.249875,46.632230,2.725413,36.266889,33.993969,31.955300,79.275940,93.266591,47.329683,75.073302,93.382614,40.333959,43.478894,27.430092,59.711056,78.627935,47.177232,40.205894,26.171646,40.840031,94.860505,4.614593,79.184326,47.659664,12.468467,57.448904,46.629013,44.073912,13.549746,19.959210,82.974601,95.278325,40.482532,68.105516,2.304016,41.743335,66.203149,92.097965,43.415232,7.003378,51.304600,17.217636,1.445219,82.448820,66.644900,5.447307,48.501779,33.354449,51.357610,89.955906,45.601154,21.078263,53.628618,57.951911,43.938311,76.548205,74.433720,61.092076,11.369847,57.919518,76.712907,61.072198,41.860850,83.357029,19.472680,21.332386,84.760979,11.895927,15.523869,19.998548,95.767300,91.556587,0.927892,22.728854,23.800989,17.759567,26.377479,9.246009,58.447076,4.169733,12.441038,35.720008,25.409435,23.639161,4.736219,93.109916,75.894546,3.315088
17.000000,81.491865,27.891682,80.100179,61.287066,37.216653,14.413761,51.286362,4.894749,41.162569,95.857640,14.891494,47.762906,48.406430,88.621633,31.724825,17.473311,23.420713,63.489157,66.243754,38.106366,16.845869,40.963414,73.430695,95.725061,14.770382,23.429048,82.698453,80.624319,38.225707,45.014159,68.024588,4.004185,29.824449,89.124722,64.074186,36.028904,45.138795,53.950271,6.052595,62.278234,66.222939,28.682323,56.844693,15.140937,20.163682,72.484530,64.276708,93.952017,83.931931,16.438930,48.960361,88.892092,25.870655,13.959849,9.330565,98.939578,5.188762,80.718024,21.994023,71.326957,5.250808,7.388434,83.884671,9.776116,89.295539,12.111662,95.052554,15.264462,69.587763,0.440471,80.466855,79.930218,96.825351,46.319132,0.523143,25.413710,90.428154,91.124071,22.804255,43.171707,61.454172,91.998299,38.988676,81.124509,69.470266,67.903850,47.759237,85.815194,11.224035,50.633413,93.761094,66.568991,76.268837,87.852471,79.252801,81.704484,38.610821,33.070322,66.865798,97.126949
18.000000,75.632913,46.442817,30.045678,20.578630,2.585209,15.482744,98.608805,1.219197,72.999222,73.457004,83.231682,11.177832,98.513007,65.127591,30.163866,4.346872,9.059061,64.893557,90.626886,98.327947,6.073070,43.118781,9.693010,47.977787,4.279759,36.688249,87.975562,21.088426,79.159685,32.665028,10.814457,5.402137,67.448186,1.449187,10.498161,29.897342,46.338454,4.617448,19.317744,22.628124,39.334818,13.900903,93.999800,54.195983,58.906008,11.566083,2.341915,3.315922,1.736858,28.425247,66.775292,10.223013,1.165554,98.325214,46.985523,47.756413,71.307678,83.481378,72.611665,84.695405,85.227608,34.613499,95.575773,22.870228,69.170286,27.600088,75.495234,73.672726,75.473623,56.546181,12.765163,82.899535,74.394840,78.294932,62.265741,57.708441,97.632395,10.093852,27.811871,81.398035,2.941200,26.909429,0.116296,46.749706,50.422919,4.066695,51.210859,5.641356,28.661414,52.293387,24.223107,82.716627,68.918360,68.682495,70.205005,7.119629,91.941031,90.150897,41.811969,79.552123
19.000000,4.426892,66.793709,14.148650,12.758317,0.833729,7.253081,40.334561,48.787750,2.682237,19.080275,49.557709,65.852170,14.311369,14.812844,34.242552,57.365322,89.442425,72.754790,37.350312,5.928567,84.041561,9.772867,81.092153,25.498332,1.198718,21.604108,65.315390,46.610314,21.171732,57.508855,76.054920,86.138079,72.828193,11.575303,36.614704,86.373357,31.525671,97.577696,80.374672,17.089883,24.955657,5.120726,37.082186,17.735514,98.567175,75.764355,26.875282,32.670975,58.740410,46.532394,0.040028,49.077199,8.304258,84.603270,38.381525,75.348946,74.744623,42.808101,47.177459,33.959130,18.335930,3.692972,52.679506,56.292021,15.384128,68.887980,89.993871,80.665842,48.923529,31.914583,88.247168,70.832390,36.282320,12.260929,86.573287,26.179642,15.588969,74.625127,10.093481,68.524024,13.671579,81.401312,92.237414,17.508411,9.332544,2.759644,13.401898,87.328845,47.661064,8.288445,11.654750,94.946140,92.729653,88.568794,58.755158,72.525076,8.616094,43.400160,55.952890,47.891862
20.000000,41.116475,58.683973,21.008604,29.306579,56.242936,36.573374,49.194924,39.358720,51.046175,63.408161,29.673460,98.791342,99.382706,85.497656,44.724829,68.877547,21.134198,54.211304,46.473763,1.951189,35.960273,56.299176,37.067506,79.790360,46.705426,70.127747,93.027470,89.103449,46.560992,26.336021,72.417136,8.564165,72.395172,72.316031,93.955231,89.320796,34.843141,4.236543,96.602826,45.682200,64.677012,55.591809,84.397342,30.171829,66.532213,61.610577,62.552569,69.445293,65.124484,12.507612,56.913840,63.352649,4.996161,73.519203,81.469189,0.284958,68.006608,44.338392,48.447748,67.723255,39.728951,99.975646,39.525516,49.743881,44.324468,56.234230,55.104347,59.157681,14.191052,60.318864,80.442928,5.745555,90.983711,75.399135,5.092683,97.652675,21.167040,92.771457,61.941437,29.536440,47.873505,50.097579,8.824479,67.546925,4.149577,29.684899,71.743568,65.895985,48.846256,67.594433,9.028718,40.024968,36.695579,48.901528,39.799904,91.252267,81.172243,12.004021,38.589445,76.117004
21.000000,81.492387,42.350456,40.319253,20.500975,55.318721,43.008714,28.828316,23.406338,27.330058,96.641452,44.216847,18.688413,6.520596,34.524795,23.778537,73.300947,34.082718,30.120311,37.752563,95.030976,55.275933,20.106595,49.821707,72.675391,67.535669,45.725839,2.600466,7.689875,7.198149,90.954018,82.843941,22.332971,8.213320,80.294591,26.128988,98.716456,14.013141,88.254916,46.740291,17.555549,31.258997,70.695967,98.554099,79.825312,14.314817,48.178309,5.547932,60.916166,83.952926,45.121563,1.768268,74.322102,27.810487,12.416275,4.555276,10.284217,57.077526,73.745592,78.906687,71.821635,54.313045,3.987104,52.846063,35.817456,20.646522,9.546665,50.205382,46.807654,95.548702,63.086441,33.563335,36.433416,11.632000,8.320049,93.422295,73.931761,5.742346,31.399075,79.415143,19.924593,8.170376,14.550162,35.544918,93.031282,59.561195,71.535530,39.268577,23.248448,59.531925,72.619406,21.563454,77.680660,74.833096,92.489858,22.671966,28.340640,27.672734,14.416287,0.353413,8.624242
22.000000,89.969944,5.413129,65.460633,50.868289,23.743900,20.115200,75.888590,51.346374,57.190707,14.508049,89.573736,15.790079,15.428746,64.613880,94.340431,68.081233,17.475905,68.110196,89.258341,78.710053,62.741603,23.669257,0.977837,96.685308,89.689823,78.593852,44.171445,89.577259,75.850695,65.861583,34.481547,14.648457,62.674566,84.921284,71.236808,78.021865,36.609842,40.655647,58.393217,30.822434,56.984952,82.954629,49.549711,92.805568,13.910825,26.527524,63.445732,58.254626,29.735773,44.085829,27.728085,19.485930,92.842302,86.727241,62.194392,30.898402,71.260799,23.197540,6.294024,48.561996,6.280620,31.277193,54.709665,36.346313,66.654720,64.215291,16.040304,85.052560,23.068540,9.884507,49.772727,6.912657,2.185316,97.081055,61.905823,67.687686,53.130579,12.024532,64.379384,29.432332,96.454496,88.131976,6.766575,92.857569,25.186730,74.201764,15.034217,88.077388,43.821235,15.362389,4.574315,27.105021,41.141570,63.187281,51.159380,72.582103,68.920990,12.147924,49.899053,78.650561
23.000000,28.072228,61.444516,2.807279,42.564637,80.144095,10.356561,2.325273,64.725676,49.783619,24.644453,76.629576,27.151498,68.014801,37.448123,19.630833,48.198282,82.896742,63.130560,75.783859,74.400518,64.928957,45.170648,30.067222,86.494653,39.027325,59.956435,71.875927,5.137138,58.562682,85.891383,58.377202,33.437366,47.875504,60.252483,58.617842,29.284195,54.366600,84.726105,30.276088,14.115376,73.465825,40.931932,60.044633,55.442058,47.563727,67.881428,37.633885,43.806673,33.810918,78.958654,42.846433,68.849367,45.692759,60.223351,15.289978,93.680117,25.422983,68.105616,88.418938,2.328103,78.724646,19.152861,52.885327,18.385819,6.251934,10.629342,83.630647,90.518710,56.693311,20.768091,29.740374,19.977161,94.820567,22.078770,36.434458,99.355483,30.968000,49.293016,78.987720,56.590157,68.920950,89.767419,91.869798,26.801126,34.964510,24.761009,24.857431,19.014877,53.303298,42.187811,98.302252,1.914943,99.546237,15.849382,57.651417,18.343612,43.616190,88.387776,11.149787,69.111884
24.000000,15.365981,88.059396,38.788989,66.241876,84.673428,3.443557,65.339757,30.629056,97.251853,38.075225,31.029508,12.049123,68.386241,79.693957,19.013172,29.493465,73.226017,80.133050,36.774883,46.129245,97.277462,28.153714,11.206834,77.333635,55.532509,30.507269,31.271725,29.953082,3.871521,48.560163,47.483726,50.846874,23.466543,0.018756,49.094137,76.797173,55.814166,8.645126,45.291965,42.731616,48.346857,54.451274,71.046290,90.449403,7.059487,95.028793,74.180644,76.854305,83.117744,79.789509,53.773936,88.180325,13.643164,15.519572,15.691221,97.806909,66.047934,51.591424,63.232853,63.937588,9.875385,79.926686,29.101389,8.831269,44.659517,69.099271,78.344431,72.927234,8.914794,85.729905,82.882865,86.588989,5.448088,72.273254,84.694986,13.137967,51.908343,36.072748,53.237308,77.900904,63.816988,60.227741,24.110657,49.706243,81.763248,87.654168,67.202347,10.398271,49.093072,85.409070,93.505576,81.932637,94.107631,21.231164,77.099731,8.991153,89.692071,8.291649,36.102116,59.663101
25.000000,43.787715,77.506916,31.574850,52.189673,67.694947,13.390044,22.758717,55.021179,38.668067,81.865480,30.748893,63.609614,2.346228,16.158518,4.122251,93.709571,40.958412,34.982964,66.579490,35.608311,18.721786,14.699573,59.915787,26.937864,49.321994,66.912386,81.056851,77.634489,17.336877,61.967929,31.768170,28.685195,87.609478,0.650316,73.423232,89.981525,97.518481,41.880202,38.487478,39.628150,39.444321,17.363261,17.781647,11.284010,27.860174,34.093711,55.171040,52.128562,78.480412,12.321249,80.461633,85.547730,87.613372,16.332931,38.803468,60.065471,66.706333,69.380848,83.875719,17.159677,24.478305,42.904549,15.117098,51.338741,82.405750,38.033959,95.702112,30.912878,40.233681,20.563947,99.615514,8.334792,94.003720,85.762053,17.493752,24.981699,33.522435,54.078406,98.570894,20.367983,68.554342,14.292114,33.902534,32.881564,35.334787,74.227087,19.963228,69.105052,90.566981,93.184096,59.761042,45.258655,11.852854,78.084303,95.219243,95.723597,66.531330,64.841026,12.346889,79.536526
26.000000,99.196158,72.817893,75.532866,85.827882,76.920458,43.715113,32.624439,37.885555,85.869351,83.746341,40.173771,3.503441,27.522553,62.690926,63.568936,69.531054,3.167595,11.401103,16.379878,75.011774,79.254977,0.482598,99.463294,73.434005,16.543890,32.827002,5.593204,81.811585,1.523279,50.576259,39.776041,2.813364,52.384176,76.660835,87.338693,86.036998,42.011402,56.888781,97.969588,41.114926,96.710754,44.817251,99.272162,27.119814,40.889854,98.057673,57.253469,14.672206,79.298158,59.730367,24.978648,96.305534,76.731780,72.333243,92.979891,76.440297,89.481754,50.354744,84.307541,54.761997,44.743155,55.445940,1.272914,7.573419,16.598551,43.081901,1.594227,84.328623,21.610762,87.672024,16.867267,94.496660,98.110858,8.878312,98.972428,57.725575,54.629793,97.867821,61.583288,50.677750,88.928801,2.892732,11.707860,64.300667,15.576723,97.464409,56.426502,79.725729,48.815238,91.499055,65.639024,41.874754,88.293491,91.619950,9.248346,19.832858,51.240239,46.648168,42.863824,85.565969
27.000000,6.613060,80.254391,78.785554,46.757930,61.564115,12.159986,22.919276,0.811327,51.548052,40.521746,43.845514,20.271067,18.884359,33.202077,56.521336,18.076010,62.001393,84.476658,37.037479,70.656500,1.411438,58.581882,54.342008,20.494992,75.401004,93.103754,59.265034,56.287278,20.496120,47.175388,95.169055,13.018263,33.328576,67.753046,85.257768,8.282920,3.860768,28.774212,51.908218,28.453085,36.898431,40.256740,72.489064,28.548273,52.023772,32.804375,40.208689,99.103429,54.159324,15.631935,62.408343,82.309124,73.429162,56.932190,52.003963,70.095288,17.107485,20.065919,96.731771,39.924130,65.975153,61.684908,51.371412,67.648115,51.491880,48.388864,77.038762,4.478269,10.460623,48.204437,51.803929,93.610509,76.006947,1.534883,71.701163,65.559834,28.272433,69.592849,14.840005,69.796024,43.865976,41.035421,37.611347,46.942009,52.773389,2.771591,63.466197,79.337744,63.875834,80.079640,76.070687,51.042274,32.828750,13.611537,96.557891,18.785932,68.745875,22.586391,38.973977,25.217261
28.000000,37.786614,42.160096,41.327539,79.061621,60.606615,16.982608,96.869830,15.580255,60.388809,66.559057,14.967892,90.107907,41.981419,0.650983,5.255769,9.105561,46.349468,92.240756,66.604271,9.663794,6.116965,17.569716,38.384486,42.551720,64.875039,0.336724,9.349289,86.937773,91.189715,65.117195,22.010929,56.806429,93.743498,61.541654,47.748150,14.254250,47.075997,36.659453,85.229180,96.000038,73.170220,28.560112,44.469265,28.584597,97.697481,51.546466,16.181808,75.747692,18.673360,40.913282,86.490583,66.843617,96.815438,1.291153,21.689833,16.710687,92.140813,64.523299,55.767046,35.113006,35.601828,69.297015,75.676062,63.813446,68.636620,68.297435,2.656614,1.955443,68.846245,49.593498,25.509442,69.419152,93.259449,97.074687,26.406238,92.799539,66.576791,52.689476,84.343927,61.445117,33.905443,22.366031,89.722182,21.182160,38.823220,48.645115,93.394790,91.748928,85.069805,54.456746,68.995094,99.869793,75.174988,92.769440,80.855724,14.204428,81.410847,7.259142,61.239829,33.378818
29.000000,67.255118,80.245581,32.863773,22.464144,69.581591,95.830608,68.388659,59.813662,78.195358,38.219283,79.631058,25.335311,47.294729,56.876395,67.461682,22.331212,19.765029,92.349716,9.875662,8.295361,78.120945,8.483285,49.096883,31.399151,89.902877,91.822017,0.051049,6.319259,49.255577,17.263282,89.651229,0.429190,54.345181,62.083264,86.624582,57.528397,32.566880,90.805699,31.974894,34.727102,81.140812,14.256851,31.615535,3.766209,59.133331,10.282526,84.038050,78.307162,45.682632,80.332434,23.064716,23.045531,43.650306,13.715752,1.403322,83.214255,73.246328,84.810031,2.519666,92.188899,26.566868,68.332902,33.657290,51.782214,61.067601,24.067470,95.711570,82.321538,82.744122,87.583579,8.429553,93.403300,17.582989,12.782787,70.003739,82.817866,93.278582,9.404543,71.792995,0.737711,61.703031,37.208166,75.475773,74.389399,94.781578,43.113986,74.249403,21.819832,3.573500,84.151466,15.500620,73.600051,77.408087,49.584604,99.422565,36.059718,15.450241,2.479824,90.796902,47.663266
30.000000,70.582503,56.988691,87.722319,23.774765,58.441806,24.000526,16.385268,23.617645,18.043886,10.421148,85.914104,69.430872,46.305423,18.677289,92.817930,64.582137,0.067989,56.426911,31.675349,74.085644,18.962520,59.205230,49.393963,28.626849,57.220666,44.185034,81.008230,73.505063,55.042387,43.439734,2.081291,27.051433,50.387822,28.572011,47.358441,45.979562,65.310964,44.632019,0.893796,59.301793,98.317618,70.520782,48.047505,38.949415,99.083761,41.077205,3.593881,54.163026,63.011626,25.557551,28.972085,79.836393,43.158190,1.166207,31.023014,47.327714,29.555318,96.218395,91.534141,90.241947,62.122087,32.690966,18.850350,6.987125,2.690011,67.231670,21.424276,95.714187,20.198668,73.382209,66.370048,5.170651,27.781879,83.007067,13.327044,88.291006,10.909320,53.406091,13.084751,41.405901,3.259312,64.008730,6.648816,84.378545,69.921946,13.618769,90.984313,27.605913,69.817115,59.365814,24.264648,46.257849,74.596820,67.916474,49.543681,99.429383,97.120405,31.445658,1.277813,74.588709
31.000000,53.421716,27.612582,75.803149,22.053778,15.147832,29.603717,62.343203,50.636586,21.948402,1.240604,36.774569,10.840282,28.068521,7.108932,91.410996,15.284950,54.581514,76.335484,42.726548,61.083788,52.945141,78.801717,79.058170,74.193707,83.298562,43.224923,17.629982,26.868903,15.952425,19.366494,60.815225,86.530319,92.645441,34.419076,90.311399,76.403696,51.907222,7.226948,39.085854,65.069322,38.562744,15.180489,33.629168,60.887057,24.991300,47.271129,26.304289,37.748021,87.597749,83.173863,15.062039,81.171581,16.922045,69.151581,62.897187,6.879515,93.766887,90.983142,86.309016,31.787091,23.673241,7.440904,87.411460,53.848616,39.639473,82.814023,38.133041,11.653561,58.820775,88.888596,78.712753,20.183638,4.968122,19.740040,32.275682,55.073469,87.805621,63.929428,78.262062,38.473319,79.245358,48.145830,62.638395,34.652065,29.560972,25.020695,23.977056,93.945617,56.004127,37.639147,42.995106,79.257831,51.069743,31.714833,69.871352,19.143695,89.049960,53.940090,99.235669,13.608023
32.000000,1.351077,7.879776,57.212209,59.704952,89.403396,59.186560,53.993301,80.993927,12.039447,37.284748,86.110652,87.622269,28.771545,76.337650,55.359825,39.153761,99.201378,25.416988,40.257508,82.842380,69.728319,27.475813,98.774337,18.623176,96.589220,55.155162,77.485567,7.060458,72.183674,68.618032,49.527326,78.010820,11.270100,5.084879,50.990939,4.816630,22.488133,73.207563,96.915141,64.896726,54.570885,76.987223,29.054792,35.195489,50.027708,73.433151,21.149535,60.110438,71.284587,52.401853,96.284674,36.784375,66.661914,83.947619,65.829830,65.833460,77.214478,58.679298,60.581599,33.225538,19.070184,34.575008,64.279294,58.165200,13.901263,55.286301,98.649368,8.086284,49.625423,81.445266,77.799124,53.114269,79.659435,90.064079,9.282852,16.599717,4.455425,38.983766,44.866333,26.933014,87.934028,67.552000,76.350295,36.167741,56.063432,67.719282,95.385652,60.487108,86.957901,11.956981,75.307572,53.127641,50.964743,96.097054,61.344527,59.456844,66.341805,76.764198,36.421950,42.491005
33.000000,50.202538,18.719165,80.349299,56.265564,44.195373,66.326423,37.547096,55.045571,95.075402,43.818202,74.729974,4.402943,47.048302,44.046868,55.667314,62.001065,36.112776,42.136382,55.728565,51.684404,38.807033,64.877077,12.359668,72.759885,78.785584,14.567735,87.694825,66.943473,82.118315,22.559592,77.787605,35.671153,18.850482,39.879930,0.277322,11.008634,90.396769,79.065848,96.011551,82.546403,44.920100,96.429426,48.212666,72.539097,39.265915,20.354450,5.490521,20.088887,22.580769,9.969771,37.530123,13.623764,81.701513,1.817499,53.275299,91.013932,76.181167,64.235150,2.335217,9.445538,23.672380,36.247522,4.934769,39.367511,52.861502,45.582360,67.148697,89.599353,64.931041,25.798256,90.020958,88.539233,95.174555,20.831980,4.776475,48.537828,45.719102,85.048636,70.228502,47.027501,80.425490,55.619504,35.447551,23.007144,83.981890,64.901089,51.919510,90.257204,52.623011,92.341840,20.320412,63.456983,13.329016,7.609982,5.618145,18.943926,69.095828,22.897475,69.023397,46.451262
34.000000,75.184587,65.184992,31.434574,32.321865,77.812047,87.208895,7.097931,33.074119,63.756143,47.167729,98.563943,9.651513,92.867454,96.718310,85.936709,98.228351,58.666722,41.947630,83.107460,21.240842,40.240000,33.164880,45.809312,10.819297,23.394128,27.362691,4.854326,62.673588,36.873851,18.161821,54.443772,33.280689,68.921380,46.134855,1.694641,63.319589,78.398405,97.556165,3.467577,44.698486,3.924495,54.311741,59.018643,95.712877,20.434378,95.650376,54.675921,49.333439,77.195914,23.764598,13.855890,9.063371,5.929575,46.688995,27.182558,61.847238,88.316253,66.735884,60.525514,12.743868,69.564985,54.338880,93.333278,88.709779,65.938245,45.305119,84.151015,20.641690,18.380247,18.808359,93.752703,47.107239,38.218502,23.423822,40.997914,3.563388,60.473787,36.599421,16.650302,43.768577,68.525855,84.023217,0.380455,86.362176,94.157860,24.018442,70.212092,26.078769,45.423626,59.946867,59.904288,23.759263,2.268929,43.704371,80.507913,81.318789,29.049150,23.183659,18.685998,67.798046
35.000000,73.460105,12.511406,51.534786,29.221988,99.270627,80.357294,94.007235,62.153951,4.979881,76.865744,75.416943,57.111605,36.166812,2.420633,78.909993,45.756420,6.470459,14.023282,26.329489,76.365686,19.047292,82.607215,32.097435,3.783628,55.110616,59.185615,28.933590,92.940236,1.528904,96.234390,75.297841,60.049474,42.953234,69.919445,56.105582,76.362677,16.692043,47.446490,53.613082,42.196354,61.340316,19.262805,36.812066,3.690766,79.716781,70.180545,63.288612,79.429027,17.761869,70.212030,63.423090,65.776666,19.861821,69.743483,45.311690,5.957568,39.098434,41.103061,85.574971,72.992684,71.843046,86.725289,31.123196,41.991451,6.228887,48.235944,95.936358,38.177737,22.867436,76.554995,97.263708,87.529778,44.468347,92.864277,36.541950,86.510128,24.257527,45.702164,19.532972,89.443991,67.027923,52.623048,62.409654,72.829794,25.704874,65.372677,45.930950,80.642107,84.616677,21.964548,44.240452,75.181356,64.125095,34.205969,75.020801,63.825506,10.715031,92.027032,28.153385,47.035551
36.000000,20.742399,76.122960,79.498665,97.986904,30.494255,37.449475,3.550147,30.271265,55.944827,74.037235,64.504606,38.956642,35.144499,96.761206,9.983258,53.628614,13.891048,66.122722,2.466225,61.065200,68.705252,70.996359,23.808242,62.271885,63.003019,1.180226,31.626614,60.753994,22.440986,15.345629,92.664812,83.170531,16.609887,81.743549,64.576342,8.507077,0.680575,53.730183,21.223587,83.259498,2.045102,72.895432,71.331857,47.370842,72.665472,45.395749,89.850820,91.054992,36.084942,1.825624,80.882510,64.646686,78.436147,33.440697,61.338107,52.613476,66.641687,9.758021,6.613571,98.037375,4.042315,20.640545,89.979121,22.416867,67.739410,65.544462,9.388332,32.441348,87.045607,90.467804,32.290742,85.075994,0.972379,37.152649,74.961451,49.978899,89.511432,0.721744,92.177228,1.399646,79.368238,87.481816,70.939256,43.026114,85.770834,57.074983,79.745746,46.028550,51.069178,74.752817,16.351580,75.750778,22.249309,87.577013,11.837059,63.850915,75.903259,49.581130,25.282590,11.436131
37.000000,60.733255,72.330965,30.387040,57.869428,37.694082,58.307308,7.884033,45.177066,67.851623,55.954966,70.180818,0.959685,11.700115,13.586152,54.253672,93.671202,71.935908,18.038212,82.902373,49.415640,96.222588,48.230783,41.748398,63.726229,69.737037,95.808310,79.856412,25.990968,89.560741,33.910355,7.847901,0.690532,71.149677,40.091774,4.282854,46.016627,34.339516,15.650571,71.644138,23.564744,48.440853,0.785982,68.113186,7.905008,73.775048,61.376639,26.186920,98.376514,1.276658,47.526036,63.895278,64.291740,85.372907,15.350353,83.288026,30.778389,1.788709,67.112182,57.344361,88.302330,1.006439,84.401835,61.567507,10.255508,92.940206,98.478744,40.113400,18.915738,68.193196,19.843849,39.634657,14.346733,70.127342,94.136907,72.314400,26.264568,25.553652,13.971035,99.368013,87.478348,99.273227,20.058259,79.795509,0.018000,83.858369,77.110335,44.044908,41.273849,78.727597,90.000061,16.249528,59.412662,15.620710,74.632318,3.268867,13.857810,21.752731,59.645412,33.186342,48.762146
38.000000,9.160256,24.679266,55.680801,78.604893,40.334951,84.255515,20.007477,99.354039,90.605032,7.915193,25.974692,92.994990,12.151451,91.209009,43.290996,55.269132,73.709008,97.320851,39.017867,39.586682,94.077096,11.593731,45.100811,41.080391,6.042782,11.611116,67.791027,68.397260,81.919920,54.353555,10.344405,79.089403,26.138850,87.942012,91.847452,2.792910,97.040398,23.169157,19.098276,42.943876,78.344279,44.698155,6.815840,12.838304,60.895193,77.304879,30.669763,96.110297,84.131173,97.048133,18.120065,23.168271,76.653646,55.810484,84.447022,80.789770,47.831584,94.096911,72.114672,71.018899,21.173198,29.231935,42.643076,76.498104,13.504729,83.055094,94.831657,20.585432,63.569813,47.062821,93.895998,4.378875,33.735445,79.608038,77.787164,81.348033,82.831050,90.438333,46.395646,35.260819,98.500457,97.573779,46.563777,8.674425,89.024928,22.873445,52.984770,19.423581,7.753220,42.037785,81.529493,99.835988,67.274124,48.112483,27.594993,41.825850,27.019927,86.649893,0.056045,4.394803
39.000000,74.718304,78.032438,78.152031,23.846474,26.661625,81.891093,61.046290,77.173202,10.650333,85.881034,26.355679,27.220609,36.971332,93.832467,40.629882,32.986488,11.770518,44.973765,50.506866,24.429138,23.353747,70.747691,22.311106,77.394221,96.699108,45.789527,66.120490,35.120009,94.190483,92.510449,66.784478,44.394340,63.376517,74.778524,30.699327,25.957410,38.022888,62.960700,48.598347,87.251831,82.514854,11.640278,88.365085,93.554351,76.085800,14.626007,4.439086,12.024892,18.415194,59.292164,59.625271,40.445242,84.475471,61.233999,96.542016,45.795194,86.337170,2.335109,61.452128,18.530020,60.339037,66.719643,7.422439,67.944205,90.820434,80.232405,17.875487,45.948015,99.470410,73.963772,22.931864,72.670460,88.543918,33.297212,86.497175,16.158687,10.517325,23.506529,3.501848,70.786483,57.700304,64.842541,84.317517,90.204484,87.034822,38.495033,86.524085,20.439957,97.384086,46.022225,75.842044,81.230726,93.349099,71.395601,31.588489,53.334630,75.335919,96.469656,46.343083,38.181855
40.000000,48.202417,25.173785,54.243042,29.567971,50.402105,27.676032,56.620227,98.702921,94.488008,19.071742,81.175652,1.488128,1.298776,86.343374,3.900859,91.100311,58.060055,95.819579,67.112968,47.555592,11.271908,67.944236,55.221818,67.173576,29.061855,51.589968,0.890383,52.420851,68.377143,96.929966,51.282669,90.309531,46.198134,85.740430,10.883368,72.996991,35.811009,29.701255,91.966425,47.941103,13.798736,46.641864,70.836607,5.871167,19.902715,48.700090,50.382041,5.654177,17.295234,85.455272,43.579207,74.363561,82.648730,37.982140,34.082486,10.742028,9.404730,92.756777,95.290781,77.005695,78.767647,8.881692,96.369955,40.648556,12.949013,39.174177,22.831332,6.695504,50.522293,42.981098,41.294841,0.963581,49.089283,64.849413,40.949370,19.004905,38.798550,25.860145,24.124552,95.706625,13.816591,3.233051,77.279784,26.602432,0.786982,8.178863,11.443987,2.645973,63.651007,5.963320,47.202440,65.547095,82.723606,77.820147,57.129956,88.444510,5.580701,86.265004,24.312031,99.535713
41.000000,96.320463,40.884793,61.867792,13.752374,12.556947,6.945507,53.683082,70.917654,72.842040,75.511374,91.175536,94.027731,34.125415,36.368209,21.103723,0.184693,36.145293,28.374340,77.947405,10.574834,95.922675,33.539478,54.501754,15.032158,53.180387,2.267252,49.076556,31.469258,91.580133,40.033930,92.334263,24.831548,23.232193,49.711149,41.615919,29.261148,91.298162,35.653628,8.685600,38.075654,17.752403,65.687257,77.721728,80.703685,20.276717,12.516163,28.323824,89.830633,52.224035,63.984462,79.209692,91.773228,81.227438,56.764119,19.317508,51.003401,42.843269,16.147414,45.177513,3.360901,86.816248,96.737380,3.156422,19.577918,98.487342,92.486594,23.333868,49.765438,50.363330,84.696324,2.217258,25.955521,18.731001,78.075996,41.357316,7.332849,56.218947,46.199794,83.749049,45.559077,81.497283,84.247211,32.286861,11.032610,10.353985,81.798159,61.023049,1.320639,68.554476,26.024093,82.137129,43.157902,38.757660,49.002958,64.044039,10.250370,80.524075,66.595884,74.284037,79.124766
42.000000,18.061441,56.081404,76.559395,97.840999,91.183556,89.269199,18.354731,93.882503,35.578083,62.859505,64.798780,57.712748,61.582346,3.658088,10.711558,26.372585,0.225277,37.518447,24.578479,43.252004,60.407603,31.826672,60.047362,74.487808,70.339550,92.023207,61.513292,18.605471,66.764714,11.468056,48.728681,84.888471,35.733943,67.950930,28.551778,43.588331,92.020994,25.515488,9.229669,83.701986,38.927183,36.079021,9.296293,3.066070,40.617725,60.530566,57.090011,49.325731,16.082441,28.040177,9.045805,53.249738,65.045396,51.102229,96.322238,41.535362,23.635852,47.863892,15.314717,36.612665,55.840953,96.368356,71.295923,27.818845,91.344897,56.002200,15.570522,29.335382,75.728203,37.149671,18.400705,62.880535,79.319251,88.061980,84.009335,93.561209,10.315900,50.745030,3.640668,12.428294,90.275700,39.516241,90.035480,77.059590,19.917860,17.034717,65.408651,13.135110,63.340927,45.045488,43.462435,42.759387,44.090771,84.903034,56.252798,36.490970,99.085176,51.832523,0.793744,54.471730
43.000000,21.003448,32.416975,21.500583,72.677380,1.013463,28.081858,77.635567,49.863794,15.605005,77.534593,63.934114,28.854633,70.906654,81.565990,4.870722,87.616914,63.939146,91.501345,29.466010,18.549976,16.110361,27.393723,17.718878,25.183630,53.071653,31.270792,36.250863,72.644176,38.453047,92.984509,39.615370,3.024359,5.200446,36.458477,1.180306,0.692485,79.250721,40.941011,28.550919,51.867972,46.983543,75.309912,37.865592,51.096427,42.518804,98.109912,12.987503,74.572386,16.971273,36.140875,10.119582,3.217327,12.042358,89.541880,11.902312,37.937881,58.602104,83.348140,49.044222,34.049999,11.225644,74.247695,84.549184,56.383381,30.685754,50.116181,22.478358,9.482035,27.868805,6.009558,52.775881,62.153323,28.124960,79.957828,96.018468,82.604099,51.261202,35.115459,10.476768,43.384207,90.101306,66.409065,83.564654,47.239618,55.164907,86.846655,25.835476,74.184613,63.375167,21.134432,9.742303,10.537021,81.937002,4.982572,55.944057,2.369037,80.719581,19.703619,84.924139,91.300973
44.000000,21.652789,92.388352,61.715262,62.647767,32.352025,48.428917,59.420071,54.583520,80.703422,89.928674,27.079040,40.022965,44.529893,89.742457,14.767227,10.756548,87.862041,67.705872,85.075647,72.791266,18.768317,76.166096,4.744400,60.797552,69.478900,98.059669,65.311586,43.711158,63.965222,40.254300,89.628058,63.202657,68.195539,92.410905,81.090638,73.525204,49.610914,87.579889,17.583627,94.301146,97.468078,75.058205,98.214862,23.271129,21.289993,74.349421,68.661928,65.621769,90.627328,65.689955,37.931872,18.284293,56.461383,20.283058,59.435886,63.078559,85.551768,87.720869,55.154058,77.875121,81.924621,68.578011,74.576987,20.971577,14.954164,53.313549,80.521458,6.046863,94.146308,36.452161,91.158560,20.582031,76.344785,82.263311,29.881202,36.328698,27.510482,5.595461,2.983889,31.219075,85.834637,56.447214,35.857248,12.288545,7.447936,93.386278,30.697017,39.404013,86.299597,40.685631,40.598202,90.693333,68.620352,0.307433,90.384485,8.832761,30.073930,61.961042,58.773237,44.482119
45.000000,75.445906,72.452543,70.799952,50.893153,7.892775,75.434989,47.314388,7.874211,15.065387,60.890482,10.357178,62.541458,76.348662,31.874930,93.978714,74.621923,12.859609,73.109538,23.891829,80.621520,30.257513,7.343377,84.427433,71.591892,2.762765,84.233468,30.825665,45.140017,5.566802,81.699752,50.728738,49.229952,52.205587,75.132978,70.739072,30.431383,72.985587,94.815184,28.037170,83.303926,85.940622,35.636255,59.582026,7.951893,22.370107,66.108878,74.506168,57.655471,37.690229,19.079706,55.329457,35.963132,53.481169,5.956199,45.640478,93.919344,53.511364,86.661124,61.494332,43.431514,21.219308,76.154703,74.982694,56.667535,60.791550,74.658868,16.073833,22.235652,0.334821,71.834847,19.115942,88.817992,4.055880,96.530154,28.856855,25.402321,3.713348,12.489033,93.611825,49.066758,58.046625,97.549014,48.174786,91.430698,60.149800,34.876637,73.006478,46.758819,42.513825,49.811109,66.678860,41.448623,1.366020,97.048875,63.438485,22.639212,32.468813,98.002052,78.631964,75.673540
46.000000,26.493491,18.683125,8.941907,43.180755,18.190047,18.802052,77.635910,93.816853,76.471099,45.677975,11.608521,16.762994,21.238566,46.548450,5.239940,59.899240,43.495321,4.824967,45.125670,48.667931,48.369443,4.590768,27.352518,77.640632,50.874200,13.518787,44.402363,52.444224,57.313255,19.308720,70.877341,33.614001,96.663835,4.378420,80.027896,7.432515,67.056009,46.814737,38.431758,47.532047,26.391416,25.814205,41.340624,17.360535,68.627663,84.436366,16.962767,42.917084,18.212954,20.291823,49.519473,48.190513,2.987331,83.787022,14.915911,86.046889,21.291701,49.711174,5.679863,37.912095,28.297539,95.096235,83.734284,94.895769,30.160496,12.145999,75.504112,51.625779,55.786084,40.571045,68.530566,36.429563,65.051038,11.025989,60.735505,83.143962,89.712035,24.423623,93.661886,96.309438,48.265019,88.688833,15.022368,76.299480,8.872918,47.332993,64.958097,24.934217,92.179158,38.188233,18.103185,30.109204,46.461009,64.422826,91.090595,12.069443,9.732669,13.947917,66.637136,34.792244
47.000000,77.439768,80.574562,72.831403,96.324984,4.860648,51.293011,97.042238,62.135212,88.292685,58.287363,46.154719,27.117719,17.418423,45.826549,37.387454,54.692284,60.012127,46.294854,10.738864,84.768829,57.438936,54.590528,50.260529,17.142407,81.025104,85.361524,82.673399,45.192791,97.538925,21.935268,28.009086,42.331313,11.426119,92.747689,45.453138,4.790210,32.120239,44.002313,93.933352,15.877100,92.201492,43.127783,60.907345,96.807826,71.577993,55.722148,69.538945,55.990044,7.446243,46.008056,20.136875,97.357573,85.410880,75.261435,72.627966,82.668218,77.771104,56.248201,95.059369,31.062830,47.335286,41.039108,96.311525,61.979343,3.046077,62.599857,25.266661,36.164200,14.694967,54.302580,79.823577,47.661229,95.791195,74.151596,48.624169,23.700944,98.593320,22.882661,0.358173,75.500893,13.703463,68.007564,54.815075,47.831646,55.429898,79.611261,35.433403,95.177128,44.982625,87.826108,95.269670,20.582121,46.417140,7.790584,17.350164,20.821529,51.476680,37.536067,88.014833,34.739123
48.000000,45.956315,70.423337,2.289203,38.457960,4.287774,5.343222,99.350138,9.312298,40.393498,59.653780,77.899280,5.871690,90.647448,73.314385,70.373558,26.702560,95.525317,7.546199,89.806524,21.076101,64.354557,4.404574,0.754259,64.766869,65.212217,67.443234,37.548876,29.481159,83.823921,10.061429,90.994944,18.687848,26.261489,88.632209,27.071066,61.812904,29.728351,87.809810,97.367570,52.229971,85.126515,49.798927,89.056721,24.391151,60.495841,81.263077,51.415585,19.130011,93.100560,47.552083,25.322313,46.492301,57.850611,64.824424,33.318850,87.866561,31.215281,85.316907,65.476586,53.400249,41.091164,46.387136,70.230327,84.296989,60.305453,46.596127,95.489819,37.418319,17.103976,49.047949,38.308275,84.249364,51.510496,32.512933,41.096289,97.339874,20.885358,27.015518,76.512459,75.289605,53.044374,43.516386,29.456486,53.854297,96.358742,1.434837,71.405295,80.684676,67.935439,48.532824,8.155219,97.153489,62.718951,6.640561,48.602445,63.262945,64.845812,2.950758,92.020098,26.192281
49.000000,83.118915,44.403582,40.648022,30.097357,73.814224,50.100930,46.492952,23.131558,67.941187,8.272344,48.912137,78.446742,41.831807,96.082076,88.706935,30.967950,20.282008,66.634405,99.994436,6.612391,7.249302,37.011470,53.520646,54.433252,21.515417,2.139013,98.927557,83.183646,79.514183,57.769858,8.470168,11.442681,77.204715,63.330693,82.231765,46.925910,72.183119,25.506118,55.234563,6.724183,62.956362,26.429922,40.592846,91.431578,81.562191,54.062477,34.432437,32.778715,19.475918,86.110970,86.992038,3.650797,49.697077,82.609362,19.807162,12.393762,11.772392,62.363480,63.492895,40.022660,42.368789,68.373914,36.140090,53.457125,53.985562,24.734051,5.538188,52.265460,85.332282,37.518726,46.632714,56.640757,83.487379,13.575006,9.612519,96.257193,53.334623,17.999140,46.233000,17.547583,89.129817,86.509852,11.163819,73.347440,80.822273,14.686816,77.711729,71.869316,52.384323,0.127585,92.306692,98.974182,89.168102,50.848662,0.314311,66.375601,17.065105,95.826526,79.803658,13.950210
50.000000,71.396119,68.498119,85.086880,95.763598,65.793953,9.192311,99.432256,27.173629,82.277026,98.476220,38.063516,46.587932,51.221072,74.114046,75.501123,97.100447,27.515444,74.882034,87.524732,15.978568,10.527090,15.225541,96.364127,66.507143,74.898783,92.978743,59.949809,49.067950,50.078814,82.367760,97.998520,84.056856,36.316709,56.708124,54.966861,0.763803,16.413003,83.481918,99.661450,17.506558,87.238263,91.845041,29.037954,7.162562,58.232897,44.728785,28.121477,82.489816,22.454975,85.178068,36.868330,70.521114,74.743782,10.755447,75.229488,70.675544,19.485134,77.802294,95.162803,37.509809,58.673146,99.817057,50.780338,8.921336,75.348310,75.644489,73.617727,15.996709,37.118197,68.536674,36.048964,98.498883,83.675757,2.608518,24.683959,94.336321,80.868031,9.881273,95.645209,65.315946,73.579005,87.744922,83.975168,88.272905,8.512705,36.261330,34.446270,68.217709,60.250157,59.807606,27.936649,43.286589,52.786382,79.029913,60.097467,65.743980,46.997161,11.235847,66.786806,17.388686
